project,description,ended,homepage,name,started,status
abdera,An implementation of the Atom Syndication Format and Atom Publishing Protocol.,2008-11,http://abdera.incubator.apache.org/,Apache Abdera (Incubating),2006-06,graduated
accumulo,"Accumulo is a distributed key/value store that provides expressive, cell-level access labels.",2012-03,http://accumulo.incubator.apache.org/,Apache Accumulo (Incubating),2011-09,graduated
ace,A software distribution framework based on OSGi that allows you to manage and distribute artifacts.,2011-12,http://ace.incubator.apache.org/,Apache ACE (Incubating),2009-04,graduated
activemq,A robust and high performance Message Orientated Middleware provider which will be integrated into Apache Geronimo but also be usable from inside any JVM.,2007-02,http://activemq.incubator.apache.org/,Apache ActiveMQ (Incubating),2005-12,graduated
age,AGE is a multi-model database that enables graph and relational models built on PostgreSQL.,2022-05,http://age.incubator.apache.org/,Apache AGE (Incubating),2020-04,graduated
agila,Extensible Business Process Management (BPM) engine core.,2006-12,http://agila.incubator.apache.org/,Apache Agila (Incubating),2004-09,retired
airavata,"A software suite to compose, manage, execute, and monitor large scale applications and workflows on computational resources ranging from local clusters to national grids and computing clouds.",2012-09,http://airavata.incubator.apache.org/,Apache Airavata (Incubating),2011-05,graduated
airflow,Airflow is a workflow automation and scheduling system that can be used to author and manage data pipelines.,2018-12,http://airflow.incubator.apache.org/,Apache Airflow (Incubating),2016-03,graduated
allura,"Forge software for the development of software projects, including source control systems, issue tracking, discussion, wiki, and other software project management tools.",2014-03,http://allura.incubator.apache.org/,Apache Allura (Incubating),2012-06,graduated
alois,ALOIS is a log collection and correlation software with reporting and alarming functionalities.,2011-06,http://alois.incubator.apache.org/,Apache Alois (Incubating),2010-09,retired
altrmi,A transparent Remote Procedure Call bean.,2007-01,http://altrmi.incubator.apache.org/,Apache AltRMI (Incubating),2003-02,retired
amaterasu,Apache Amaterasu is a framework providing continuous deployment for Big Data pipelines.,2019-09,http://amaterasu.incubator.apache.org/,Apache Amaterasu (Incubating),2017-09,retired
ambari,"Ambari is a monitoring, administration and lifecycle management project for Apache Hadoop clusters. (Formerly known as HMS)",2013-11,http://ambari.incubator.apache.org/,Apache Ambari (Incubating),2011-08,graduated
amber,"
            The Amber project will deliver a Java development framework mainly aimed to build OAuth-aware applications.
            Amber graduated with the name Apache Oltu
        ",2013-01,http://amber.incubator.apache.org/,Apache Amber (Incubating),2010-05,graduated
answer,A Q-and-A platform software for teams at any scales.,2024-12,http://answer.incubator.apache.org/,Apache Answer (Incubating),2023-10,graduated
any23,"Anything To Triples (any23) is a library, a web service and a command line tool that extracts structured data in RDF format from a variety of Web documents.",2012-08,http://any23.incubator.apache.org/,Apache Any23 (Incubating),2011-10,graduated
apex,Apex is an enterprise grade native YARN big data-in-motion platform that unifies stream processing as well as batch processing.,2016-04,http://apex.incubator.apache.org/,Apache Apex (Incubating),2015-08,graduated
apisix,"APISIX is a cloud-native microservices API gateway, delivering the ultimate performance, security,open source and scalable platform for all your APIs and microservices.",2020-07,http://apisix.incubator.apache.org/,Apache APISIX (Incubating),2019-10,graduated
apollo,A robust implementation of the OASIS WS-ResourceFramework (WSRF) family of specifications,2005-06,http://apollo.incubator.apache.org/,Apache Apollo (Incubating),2004-11,graduated
ariatosca,ARIA TOSCA project offers an easily consumable Software Development Kit(SDK) and a Command Line Interface(CLI) to implement TOSCA(Topology and Orchestration Specification of Cloud Applications) based solutions.,2018-07,http://ariatosca.incubator.apache.org/,Apache AriaTosca (Incubating),2016-08,retired
aries,The Aries project will deliver a set of pluggable Java components enabling an enterprise OSGi application programming model.,2010-12,http://aries.incubator.apache.org/,Apache Aries (Incubating),2009-09,graduated
asterixdb,"Apache AsterixDB is a scalable big data management system (BDMS) that provides storage, management, and query capabilities for large collections of semi-structured data.",2016-04,http://asterixdb.incubator.apache.org/,Apache AsterixDB (Incubating),2015-02,graduated
atlas,Apache Atlas is a scalable and extensible set of core foundational governance services that enables enterprises to effectively and efficiently meet their compliance requirements within Hadoop and allows integration with the complete enterprise data ecosystem,2017-06,http://atlas.incubator.apache.org/,Apache Atlas (Incubating),2015-05,graduated
aurora,Aurora is a service scheduler used to schedule jobs onto Apache Mesos.,2015-03,http://aurora.incubator.apache.org/,Apache Aurora (Incubating),2013-10,graduated
awf,"
            AWF is a non-blocking, asynchronous, event driven high performance web framework running on the JVM.
            (Note: originally known as Deft, renamed to AWF on 2012-02-15)
        ",2012-09,http://awf.incubator.apache.org/,Apache AWF (Incubating),2011-07,retired
axion,Relational database engine written in Java.,2006-01,http://axion.incubator.apache.org/,Apache Axion (Incubating),2003-12,retired
batchee,"
            BatchEE projects aims to provide a JBatch implementation (aka JSR352)
            and a set of useful extensions for this specification.
        ",2019-12,http://batchee.incubator.apache.org/,Apache BatchEE (Incubating),2013-10,graduated
beam,"Apache Beam is an open source, unified model and set of language-specific SDKs for defining and executing data processing workflows, and also data ingestion and integration flows, supporting Enterprise Integration Patterns (EIPs) and Domain Specific Languages (DSLs). Dataflow pipelines simplify the mechanics of large-scale batch and streaming data processing and can run on a number of runtimes like Apache Flink, Apache Spark, and Google Cloud Dataflow (a cloud service). Beam also brings DSL in different languages, allowing users to easily implement their data integration processes.",2016-12,http://beam.incubator.apache.org/,Apache Beam (Incubating),2016-02,graduated
beanvalidation,The Bean Validation project will create an implementation of Bean Validation as defined by the Java EE specifications.,2012-02,http://beanvalidation.incubator.apache.org/,Apache Bean Validation (Incubating),2010-03,graduated
beehive,"Extensible Java application framework with an integrated metadata-driven programming model for web services, web applications, and resource access",2005-07,http://beehive.incubator.apache.org/,Apache Beehive (Incubating),2004-05,graduated
bigtop,Bigtop is a project for the development of packaging and tests of the Hadoop ecosystem.,2012-09,http://bigtop.incubator.apache.org/,Apache Bigtop (Incubating),2011-06,graduated
bloodhound,"Bloodhound is a software development collaboration tool, including issue tracking, wiki and repository browsing.",2013-03,http://bloodhound.incubator.apache.org/,Apache Bloodhound (Incubating),2011-12,graduated
bluemarlin,BlueMarlin will develop a web service to add intelligence functionality to a plain ad system.,2022-03,http://bluemarlin.incubator.apache.org/,Apache BlueMarlin (Incubating),2020-06,retired
bluesky,Distance learning collaboration tool,2011-07,http://bluesky.incubator.apache.org/,Apache Bluesky (Incubating),2008-01,retired
blur,"
            Blur is a search platform capable of searching massive amounts of data
            in a cloud computing environment.
        ",2017-06,http://blur.incubator.apache.org/,Apache Blur (Incubating),2012-07,retired
brooklyn,"
            Brooklyn is a framework for modelling, monitoring, and managing applications
            through autonomic blueprints.
        ",2015-11,http://brooklyn.incubator.apache.org/,Apache Brooklyn (Incubating),2014-05,graduated
brpc,brpc is an industrial-grade RPC framework for building reliable and high-performance services.,2022-12,http://brpc.incubator.apache.org/,Apache brpc (Incubating),2018-11,graduated
buildr,Buildr is a simple and intuitive build system for Java projects written in Ruby.,2009-02,http://buildr.incubator.apache.org/,Apache Buildr (Incubating),2007-11,graduated
calcite,"Calcite is a highly customizable engine for parsing and planning queries on data in a wide variety of formats. It allows database-like access, and in particular a SQL interface and advanced query optimization, for data not residing in a traditional database. (Renamed from Optiq on 2014-09-30.)",2015-10,http://calcite.incubator.apache.org/,Apache Calcite (Incubating),2014-05,graduated
carbondata,"Apache CarbonData is a new Apache Hadoop native file format for faster interactive query using advanced columnar storage, index, compression and encoding techniques to improve computing efficiency, in turn it will help speedup queries an order of magnitude faster over PetaBytes of data.",2017-04,http://carbondata.incubator.apache.org/,Apache CarbonData (Incubating),2016-06,graduated
cassandra,Cassandra,2010-02,http://cassandra.incubator.apache.org/,Apache Cassandra (Incubating),2009-01,graduated
cayenne,Robust Persistence,2006-12,http://cayenne.incubator.apache.org/,Apache Cayenne (Incubating),2006-03,graduated
celeborn,"Celeborn is an intermediate data service for big data computing engines to boost performance, stability, and flexibility.",2024-03,http://celeborn.incubator.apache.org/,Apache Celeborn (Incubating),2022-10,graduated
celix,Celix is an OSGi like implementation in C with a distinct focus on interoperability between Java and C.,2014-07,http://celix.incubator.apache.org/,Apache Celix (Incubating),2010-11,graduated
chemistry,Chemistry,2010-02,http://chemistry.incubator.apache.org/,Apache Chemistry (Incubating),2009-04,graduated
chukwa,Chukwa is a log collection and analysis framework for Apache Hadoop clusters.,2013-09,http://chukwa.incubator.apache.org/,Apache Chukwa (Incubating),2010-07,graduated
clerezza,an OSGi-based modular application and set of components (bundles) for building RESTFul Semantic Web applications and services.,2013-02,http://clerezza.incubator.apache.org/,Apache Clerezza (Incubating),2009-11,graduated
click,Component based Java Web Framework,2009-11,http://click.incubator.apache.org/,Apache Click (Incubating),2008-07,graduated
climate,"A tool for scalable comparison of remote sensing observations to climate model outputs, regionally and globally.",2014-02,http://climate.incubator.apache.org/,Apache Open Climate Workbench (Incubating),2013-02,graduated
cloudstack,"CloudStack is an IaaS (""Infrastracture as a Service"") cloud orchestration platform.",2013-03,http://cloudstack.incubator.apache.org/,Apache CloudStack (Incubating),2012-04,graduated
cmda,"
            CMDA provides web services for multi-aspect physics-based and phenomenon-oriented climate model performance evaluation and diagnosis through the comprehensive and synergistic use of multiple observational data, reanalysis data, and model outputs.
        ",2017-02,http://cmda.incubator.apache.org/,Apache Climate Model Diagnostic Analyzer (Incubating),2015-05,retired
commonsrdf,Commons RDF is a set of interfaces and classes for RDF 1.1 concepts and behaviours.  The commons-rdf-api module defines interfaces and testing harness.  The commons-rdf-simple module provides a basic reference implementation to exercise the test harness and clarify API contracts.,2016-11,http://commonsrdf.incubator.apache.org/,Apache CommonsRDF (Incubating),2015-03,graduated
composer,Embeddable IoC container,2008-05,http://composer.incubator.apache.org/,Apache Composer (Incubating),2007-10,retired
concerted,Apache Concerted is a Do-It-Yourself toolkit for building in-memory data engines.,2016-04,http://concerted.incubator.apache.org/,Apache Concerted (Incubating),2015-10,retired
cordova,"Apache Cordova is a platform for building native mobile applications using HTML, CSS and JavaScript (formerly Phonegap). The project entered incubation as Callback, but decided to change its name to Cordova on 2011-11-28.",2012-10,http://cordova.incubator.apache.org/,Apache Cordova (Incubating),2011-10,graduated
corinthia,"Corinthia is a toolkit/application for converting between and editing common office file formats, with an initial focus on word processing. It is designed to cater for multiple classes of platforms - desktop, web, and mobile - and relies heavily on web technologies such as HTML, CSS, and JavaScript for representing and manipulating documents. The toolkit is small, portable, and flexible, with minimal dependencies. The target audience is developers wishing to include office viewing, conversion, and editing functionality into their applications.",2015-11,http://corinthia.incubator.apache.org/,Apache Corinthia (Incubating),2014-12,retired
cotton,Cotton is an Apache Mesos framework for running MySQL instances. (Formerly known as Mysos),2015-12,http://cotton.incubator.apache.org/,Apache Cotton (Incubating),2015-06,retired
couchdb,CouchDB,2008-11,http://couchdb.incubator.apache.org/,Apache CouchDB (Incubating),2008-02,graduated
crail,Crail is a storage platform for sharing performance critical data in distributed data processing jobs at very high speed.,2022-06,http://crail.incubator.apache.org/,Apache Crail (Incubating),2017-11,retired
crunch,"Crunch is a Java library for writing, testing, and running pipelines of MapReduce jobs on Apache Hadoop.",2013-02,http://crunch.incubator.apache.org/,Apache Crunch (Incubating),2012-05,graduated
ctakes,cTAKES (clinical Text Analysis and Knowledge Extraction System) is an natural language processing tool for information extraction from electronic medical record clinical free-text.,2013-03,http://ctakes.incubator.apache.org/,Apache cTAKES (Incubating),2012-06,graduated
curator,Curator - ZooKeeper client wrapper and rich ZooKeeper framework,2013-09,http://curator.incubator.apache.org/,Apache Curator (Incubating),2013-03,graduated
cxf,The CXF project will create a SOA services framework by merges the ObjectWeb Celtix project and the Codehaus XFire project.,2008-04,http://cxf.incubator.apache.org/,Apache CXF (Incubating),2006-08,graduated
daffodil,Apache Daffodil is an implementation of the Data Format Description Language (DFDL) used to convert between fixed format data and XML/JSON.,2021-02,http://daffodil.incubator.apache.org/,Apache Daffodil (Incubating),2017-08,graduated
datafu,"DataFu provides a collection of Hadoop MapReduce jobs and functions in higher level languages based on it to perform data analysis. It provides functions for common statistics tasks (e.g. quantiles, sampling), PageRank, stream sessionization, and set and bag operations. DataFu also provides Hadoop jobs for incremental data processing in MapReduce.",2018-02,http://datafu.incubator.apache.org/,Apache DataFu (Incubating),2014-01,graduated
datalab,"DataLab is a platform for creating self-service, exploratory data science environments in the cloud using best-of-breed data science tools.",2023-08,http://datalab.incubator.apache.org/,Apache DataLab (Incubating),2018-08,retired
datasketches,"DataSketches is an open source, high-performance library of stochastic streaming algorithms commonly called ""sketches"" in the data sciences. Sketches are small, stateful programs that process massive data as a stream and can provide approximate answers, with mathematical guarantees, to computationally difficult queries orders-of-magnitude faster than traditional, exact methods.",2020-12,http://datasketches.incubator.apache.org/,Apache DataSketches (Incubating),2019-03,graduated
deltacloud,"Deltacloud, cloud API (REST) and abstraction framework",2011-10,http://deltacloud.incubator.apache.org/,Apache Deltacloud (Incubating),2010-05,graduated
deltaspike,DeltaSpike is a collection of JSR-299 (CDI) Extensions for building applications on the Java SE and EE platforms.,2013-05,http://deltaspike.incubator.apache.org/,Apache DeltaSpike (Incubating),2011-12,graduated
depot,"Integrated tools for automating downloading, publishing and managing software artifacts, along with tools for manipulating their metadata.",2004-10,http://depot.incubator.apache.org/,Apache Depot (Incubating),2003-12,retired
derby,Java relational database,2005-07,http://derby.incubator.apache.org/,Apache Derby (Incubating),2004-08,graduated
devicemap,"Apache DeviceMap is a data repository containing device information, images and other relevant information for all sorts of mobile devices, e.g. smartphones and tablets. While the focus is initially on that data, APIs will also be created to use and manage it.",2014-11,http://devicemap.incubator.apache.org/,Apache DeviceMap (Incubating),2012-01,graduated
directmemory,DirectMemory's main purpose is to to act as a second level cache able to store large amounts of data without filling up the Java heap and thus avoiding long garbage collection cycles.,2012-08,http://directmemory.incubator.apache.org/,Apache DirectMemory (Incubating),2011-10,graduated
directory,Directory projects.,2005-02,http://directory.incubator.apache.org/,Apache Directory (Incubating),2003-10,graduated
distributedlog,"DistributedLog is a high-performance replicated log service. It offers durability, replication and strong consistency, which provides a fundamental building block for building reliable distributed systems.",2017-07,http://distributedlog.incubator.apache.org/,Apache DistributedLog (Incubating),2016-06,graduated
dolphinscheduler,DolphinScheduler is a distributed ETL scheduling engine with powerful DAG visualization interface..,2021-03,http://dolphinscheduler.incubator.apache.org/,Apache DolphinScheduler (Incubating),2019-08,graduated
doris,Doris is a MPP-based interactive SQL data warehousing for reporting and analysis.,2022-06,http://doris.incubator.apache.org/,Apache Doris (Incubating),2018-07,graduated
drill,"Drill is a distributed system for interactive analysis of large-scale datasets, inspired by Google's Dremel.",2014-11,http://drill.incubator.apache.org/,Apache Drill (Incubating),2012-08,graduated
droids,Droids aims to be an intelligent standalone robot framework that allows to create and extend existing droids (robots).,2015-11,http://droids.incubator.apache.org/,Apache Droids (Incubating),2008-10,retired
druid,"Druid is a high-performance, column-oriented, distributed data store.",2019-12,http://druid.incubator.apache.org/,Apache Druid (Incubating),2018-02,graduated
dubbo,"Dubbo is a high-performance, lightweight, java based RPC framework.",2019-05,http://dubbo.incubator.apache.org/,Apache Dubbo (Incubating),2018-02,graduated
eagle,"Apache Eagle is an open source analytics solution for identifying security and performance issues instantly on big data platforms, e.g. Apache Hadoop, Apache Spark. It analyzes data activities, yarn applications, jmx metrics, and daemon logs etc., provides state-of-the-art alert engine to identify security breach, performance issues and shows insights.",2016-12,http://eagle.incubator.apache.org/,Apache Eagle (Incubating),2015-10,graduated
easyant,Easyant is a build system based on Apache Ant and Apache Ivy.,2013-03,http://easyant.incubator.apache.org/,Apache EasyAnt (Incubating),2011-01,graduated
echarts,ECharts is a charting and data visualization library written in JavaScript.,2020-12,http://echarts.incubator.apache.org/,Apache ECharts (Incubating),2018-01,graduated
edgent,Edgent is a stream processing programming model and lightweight runtime to execute analytics at devices on the edge or at the gateway. (Formerly known as Quarks),2019-11,http://edgent.incubator.apache.org/,Apache Edgent (Incubating),2016-02,retired
empire-db,Data persistence component.,2012-01,http://empire-db.incubator.apache.org/,Apache Empire-db (Incubating),2008-07,graduated
esme,"Enterprise Social Messaging Experiment (ESME) is a secure and highly scalable microsharing and micromessaging platform that allows people to discover and meet one another and get controlled access to other sources of information, all in a business process context.",2010-12,http://esme.incubator.apache.org/,Apache ESME (Incubating),2008-12,graduated
etch,"A cross-platform, language- and transport-independent framework for building and consuming network services.",2013-01,http://etch.incubator.apache.org/,Apache Etch (Incubating),2008-09,graduated
eventmesh,EventMesh is a new generation serverless event middleware for building distributed event-driven applications.,2023-02,http://eventmesh.incubator.apache.org/,Apache EventMesh (Incubating),2021-02,graduated
falcon,"A data processing and management solution for Hadoop designed for data motion, coordination of data pipelines, lifecycle management, and data discovery.",2014-12,http://falcon.incubator.apache.org/,Apache Falcon (Incubating),2013-03,graduated
felix,Implementation of the OSGi R4 specification. (Formerly known as Oscar),2007-04,http://felix.incubator.apache.org/,Apache Felix (Incubating),2005-07,graduated
fineract,Fineract is an open source system for core banking as a platform.,2017-04,http://fineract.incubator.apache.org/,Apache Fineract (Incubating),2015-12,graduated
flagon,Flagon is a software tool usability testing platform,2023-04,http://flagon.incubator.apache.org/,Apache Flagon (Incubating),2016-07,graduated
flex,Application framework for building Flash-based applications.,2012-12,http://flex.incubator.apache.org/,Apache Flex (Incubating),2011-12,graduated
flink,"Flink is an open source system for expressive, declarative, fast, and efficient data analysis. Stratosphere combines the scalability and programming flexibility of distributed MapReduce-like platforms with the efficiency, out-of-core execution, and query optimization capabilities found in parallel databases.  Flink was originally known as Stratosphere when it entered the Incubator.",2014-12,http://flink.incubator.apache.org/,Apache Flink (Incubating),2014-04,graduated
flume,"Flume is a distributed, reliable, and available system for efficiently collecting, aggregating, and moving large amounts of log data from many different sources to a centralized data store.",2012-06,http://flume.incubator.apache.org/,Apache Flume (Incubating),2011-06,graduated
fluo,Fluo is a distributed system for incrementally processing large data sets stored in Accumulo.,2017-07,http://fluo.incubator.apache.org/,Apache Fluo (Incubating),2016-05,graduated
freemarker,"FreeMarker is a template engine, i.e. a generic tool to generate text output based on templates. FreeMarker is implemented in Java as a class library for programmers.",2018-03,http://freemarker.incubator.apache.org/,Apache FreeMarker (Incubating),2015-07,graduated
ftpserver,A complete FTP Server based on Mina I/O system.,2007-12,http://ftpserver.incubator.apache.org/,Apache FtpServer (Incubating),2003-03,graduated
gearpump,Gearpump is a reactive real-time streaming engine based on the micro-service Actor model.,2018-09,http://gearpump.incubator.apache.org/,Apache Gearpump (Incubating),2016-03,retired
geode,"Geode is a data management platform that provides real-time, consistent access to data-intensive applications throughout widely distributed cloud architectures.",2016-11,http://geode.incubator.apache.org/,Apache Geode (Incubating),2015-04,graduated
geronimo,J2EE Container,2004-05,http://geronimo.incubator.apache.org/,Apache Geronimo (Incubating),2003-08,graduated
giraph,"Giraph is a large-scale, fault-tolerant, Bulk Synchronous Parallel (BSP)-based graph processing framework.",2012-05,http://giraph.incubator.apache.org/,Apache Giraph (Incubating),2011-08,graduated
gobblin,"Gobblin is a distributed data integration framework that simplifies common aspects of big data integration such as data ingestion, replication, organization and lifecycle management for both streaming and batch data ecosystems.",2021-01,http://gobblin.incubator.apache.org/,Apache Gobblin (Incubating),2017-02,graduated
gora,Gora is an ORM framework for column stores such as Apache HBase and Apache Cassandra with a specific focus on Hadoop.,2012-01,http://gora.incubator.apache.org/,Apache Gora (Incubating),2010-09,graduated
gossip,Gossip is an implementation of the Gossip Protocol.,2018-08,http://gossip.incubator.apache.org/,Apache Gossip (Incubating),2016-04,retired
graffito,Portal oriented Content Management System (Formerly known as JCMS),2007-07,http://graffito.incubator.apache.org/,Apache Graffito (Incubating),2004-09,retired
griffin,Griffin is a open source Data Quality solution for distributed data systems at any scale in both streaming or batch data context,2018-11,http://griffin.incubator.apache.org/,Apache Griffin (Incubating),2016-12,graduated
groovy,"Groovy is an object-oriented programming language for the Java platform. It is a language with features similar to those of Python, Ruby, Java, Perl, and Smalltalk.",2015-11,http://groovy.incubator.apache.org/,Apache Groovy (Incubating),2015-03,graduated
guacamole,"Guacamole is an enterprise-grade, protocol-agnostic, remote desktop gateway. Combined with cloud hosting, Guacamole provides an excellent alternative to traditional desktops. Guacamole aims to make cloud-hosted desktop access preferable to traditional, local access.",2017-11,http://guacamole.incubator.apache.org/,Apache Guacamole (Incubating),2016-02,graduated
hama,"Hama is a distributed computing framework based on BSP (Bulk Synchronous Parallel) computing techniques for massive scientific computations, e.g., matrix, graph and network algorithms.",2012-05,http://hama.incubator.apache.org/,Apache Hama (Incubating),2008-05,graduated
harmony,Compatible implementation of J2SE,2006-10,http://harmony.incubator.apache.org/,Apache Harmony (Incubating),2005-05,graduated
hawq,HAWQ is an advanced enterprise SQL on Hadoop analytic engine built around a robust and high-performance massively-parallel processing (MPP) SQL framework evolved from Pivotal Greenplum Database.,2018-08,http://hawq.incubator.apache.org/,Apache HAWQ (Incubating),2015-09,graduated
hcatalog,HCatalog is a table and storage management service for data created using Apache Hadoop.,2013-02,http://hcatalog.incubator.apache.org/,Apache HCatalog (Incubating),2011-03,graduated
hdt,Eclipse based tools for developing applications on the Hadoop platform,2014-12,http://hdt.incubator.apache.org/,Apache Hadoop Development Tools (HDT) (Incubating),2012-11,retired
helix,"Apache Helix is a generic cluster management framework used to build distributed systems and provides automatic partition management, fault tolerance and elasticity.",2013-12,http://helix.incubator.apache.org/,Apache Helix (Incubating),2012-10,graduated
heraldry,Identity for the rest of us.,2007-06,http://heraldry.incubator.apache.org/,Apache Heraldry (Incubating),2005-07,retired
hermes,A robust implementation of the OASIS WS-Notification (WSN) family of specifications,2005-06,http://hermes.incubator.apache.org/,Apache Hermes (Incubating),2004-11,graduated
heron,"A real-time, distributed, fault-tolerant stream processing engine.",2023-01,http://heron.incubator.apache.org/,Apache Heron (Incubating),2017-06,retired
hise,HISE,2012-02,http://hise.incubator.apache.org/,Apache HISE (Incubating),2009-11,retired
hivemall,Hivemall is a library for machine learning implemented as Hive UDFs/UDAFs/UDTFs.,2022-09,http://hivemall.incubator.apache.org/,Apache Hivemall (Incubating),2016-09,retired
hop,"Hop is short for the Hop Orchestration Platform. Written completely in Java it aims to provide a wide range of data orchestration tools, including a visual development environment, servers, metadata analysis, auditing services and so on. As a platform, Hop also wants to be a reusable library so that it can be easily reused by other software.",2021-12,http://hop.incubator.apache.org/,Apache Hop (Incubating),2020-09,graduated
horn,"HORN is a neuron-centric programming APIs and execution framework for large-scale deep learning, built on top of Apache Hama.",2017-07,http://horn.incubator.apache.org/,Apache HORN (Incubating),2015-09,retired
htrace,HTrace is a tracing framework intended for use with distributed systems written in java.,2018-04,http://htrace.incubator.apache.org/,Apache HTrace (Incubating),2014-11,retired
httpd-cli,CLI integration project for httpd server,2004-12,http://httpd-cli.incubator.apache.org/,Apache httpd-CLI (Incubating),2004-07,graduated
hudi,Hudi provides atomic upserts and incremental data streams on Big Data,2020-05,http://hudi.incubator.apache.org/,Apache Hudi (Incubating),2019-01,graduated
ibatis,The iBATIS Data Mapper framework makes it easier to use a database with Java or .NET applications. iBATIS couples objects with stored procedures or SQL statements using a XML descriptor.,2005-04,http://ibatis.incubator.apache.org/,Apache iBATIS (Incubating),2004-08,graduated
iceberg,"Iceberg is a table format for large, slow-moving tabular data.",2020-05,http://iceberg.incubator.apache.org/,Apache Iceberg (Incubating),2018-11,graduated
ignite,"A unified In-Memory Data Fabric providing high-performance, distributed in-memory data management software layer between various data sources and user applications.",2015-09,http://ignite.incubator.apache.org/,Apache Ignite (Incubating),2014-10,graduated
impala,Impala is a high-performance C++ and Java SQL query engine for data stored in Apache Hadoop-based clusters.,2017-11,http://impala.incubator.apache.org/,Apache Impala (Incubating),2015-12,graduated
imperius,Rule-based Management Policy Engine,2011-05,http://imperius.incubator.apache.org/,Apache Imperius (Incubating),2007-11,retired
inlong,"InLong is a one-stop data integration framework that provides automatic, secure, and reliable data transmission capabilities. InLong supports both batch and stream data processing at the same time, which offers great power to build data analysis, modeling, and other real-time applications based on streaming data.",2022-06,http://inlong.incubator.apache.org/,Apache InLong (Incubating),2019-11,graduated
iota,Open source system that enables the orchestration of IoT devices.,2018-02,http://iota.incubator.apache.org/,Apache iota (Incubating),2016-01,retired
iotdb,IoTDB is a data store for managing large amounts of time series data such as timestamped data from IoT sensors in industrial applications.,2020-09,http://iotdb.incubator.apache.org/,Apache IoTDB (Incubating),2018-11,graduated
isis,The Isis project will be an extensible standards-based framework to rapidly develop and enterprise level deploy domain-driven (DDD) applications.,2012-10,http://isis.incubator.apache.org/,Apache Isis (Incubating),2010-09,graduated
ivy,"A java based tool for tracking, resolving and managing project dependencies.",2007-10,http://ivy.incubator.apache.org/,Apache Ivy (Incubating),2006-10,graduated
jackrabbit,Content Repository API based on JSR 170,2006-03,http://jackrabbit.incubator.apache.org/,Apache Jackrabbit (Incubating),2004-08,graduated
jaxme,"Implementation of JAXB, the specification for Java/XML binding",2004-03,http://jaxme.incubator.apache.org/,Apache JaxMe (Incubating),2003-09,graduated
jclouds,A cloud agnostic library that enables developers to access a variety of supported cloud providers using one API,2013-10,http://jclouds.incubator.apache.org/,Apache jclouds (Incubating),2013-04,graduated
jdo,JDO2,2005-12,http://jdo.incubator.apache.org/,Apache JDO (Incubating),2005-05,graduated
jena,Java framework for building Semantic Web applications.,2012-04,http://jena.incubator.apache.org/,Apache Jena (Incubating),2010-11,graduated
johnzon,Implementation of JSR-353 JavaTM API for JSON Processing (Renamed from Fleece),2016-04,http://johnzon.incubator.apache.org/,Apache Johnzon (Incubating),2014-06,graduated
joshua,Joshua is a statistical machine translation toolkit,2018-10,http://joshua.incubator.apache.org/,Apache Joshua (Incubating),2016-02,graduated
jspwiki,Java-based wiki engine,2013-07,http://jspwiki.incubator.apache.org/,Apache JSPWiki (Incubating),2007-09,graduated
juddi,Implementation of a Universal Description Discovery and Integration (UDDI) registry,2004-03,http://juddi.incubator.apache.org/,Apache jUDDI (Incubating),2003-09,graduated
juice,OpenSSL based JCE provider. Project going into retired status after lack of community interest.,2007-10,http://juice.incubator.apache.org/,Apache JuiCE (Incubating),2004-04,retired
juneau,"Apache Juneau is a toolkit for marshalling POJOs to a wide variety of content types using a common framework, and for creating sophisticated self-documenting REST interfaces and microservices using VERY little code.",2017-10,http://juneau.incubator.apache.org/,Apache Juneau (Incubating),2016-06,graduated
kabuki,An AJAX toolkit,2006-06,http://kabuki.incubator.apache.org/,Apache Kabuki (Incubating),2006-01,retired
kafka,Kafka is a distributed publish-subscribe system for processing large amounts of streaming data.,2012-10,http://kafka.incubator.apache.org/,Apache Kafka (Incubating),2011-07,graduated
kalumet,"Kalumet a complete environment manager and deployer including J2EE environments (application servers, applications, etc), softwares, and resources.",2015-11,http://kalumet.incubator.apache.org/,Apache Kalumet (Incubating),2011-09,retired
kato,"Kato is a project to develop the Specification, Reference Implementation, and TCK for JSR 326: the JVM Post-mortem Diagnostics API.",2012-08,http://kato.incubator.apache.org/,Apache Kato (Incubating),2008-11,retired
kitty,"Kitty is a lightweight, production focused, Java-based application server performance diagnostic and management utility.",2012-10,http://kitty.incubator.apache.org/,Apache Kitty (Incubating),2010-10,retired
knox,Knox Gateway is a system that provides a single point of secure access for Apache Hadoop clusters.,2014-02,http://knox.incubator.apache.org/,Apache Knox (Incubating),2013-02,graduated
kudu,Kudu is a distributed columnar storage engine built for the Apache Hadoop ecosystem.,2016-07,http://kudu.incubator.apache.org/,Apache Kudu (Incubating),2015-12,graduated
kvrocks,"Kvrocks is a distributed key-value NoSQL database, supporting the rich data structure",2023-07,http://kvrocks.incubator.apache.org/,Apache Kvrocks (Incubating),2022-04,graduated
kylin,Kylin is a distributed and scalable OLAP engine built on Hadoop to support extremely large datasets.,2015-11,http://kylin.incubator.apache.org/,Apache Kylin (Incubating),2014-11,graduated
kyuubi,"Kyuubi is a distributed multi-tenant Thrift JDBC/ODBC server for large-scale data management, processing, and analytics, built on top of Apache Spark and designed to support more engines.",2022-12,http://kyuubi.incubator.apache.org/,Apache Kyuubi (Incubating),2021-06,graduated
lens,Lens is a platform that enables multi-dimensional queries in a unified way over datasets stored in multiple warehouses. Lens integrates Apache Hive with other data warehouses by tiering them together to form logical data cubes.,2015-08,http://lens.incubator.apache.org/,Apache Lens (Incubating),2014-10,graduated
lenya,Content Management and publishing system based on Cocoon,2004-08,http://lenya.incubator.apache.org/,Apache Lenya (Incubating),2003-03,graduated
libcloud,"libcloud is a standard client library for many popular cloud providers, written in python",2011-05,http://libcloud.incubator.apache.org/,Apache Libcloud (Incubating),2009-11,graduated
liminal,"Apache Liminal is an end-to-end platform for data engineers and scientists, allowing them to build, train and deploy machine learning models in a robust and agile way.",2024-07,http://liminal.incubator.apache.org/,Apache Liminal (Incubating),2020-05,retired
linkis,"Apache Linkis builds a computation middleware layer to facilitate connection, governance and orchestration between the upper applications and the underlying data engines.",2022-12,http://linkis.incubator.apache.org/,Apache Linkis (Incubating),2021-08,graduated
log4cxx,Logging for C++. N.B. the code has re-entered the Incubator as log4cxx2.,2005-01,http://log4cxx.incubator.apache.org/,Apache log4cxx (Incubating),2004-01,graduated
log4cxx2,Logging for C++. N.B. This is a reboot of the Log4cxx podling which previously graduated.,2017-03,http://log4cxx2.incubator.apache.org/,Apache log4cxx2 (Incubating),2013-12,graduated
log4net,Logging for .NET,2007-02,http://log4net.incubator.apache.org/,Apache log4net (Incubating),2004-01,graduated
log4php,Logging for PHP.,2010-03,http://log4php.incubator.apache.org/,Apache Log4php (Incubating),2004-01,graduated
lokahi,The Lokahi project will create a management console for Apache HTTP Server and Apache Tomcat projects on a framework extensible to other ASF projects.,2009-08,http://lokahi.incubator.apache.org/,Apache Lokahi (Incubating),2006-03,retired
lucene.net,"Lucene.NET is a source code, class-per-class, API-per-API and algorithmatic port of the Java Lucene search engine to the C# and .NET platform utilizing Microsoft .NET Framework.",2012-08,http://lucene.net.incubator.apache.org/,Apache Lucene.NET (Incubating),2011-02,graduated
lucene4c,Lucene for C.,2006-10,http://lucene4c.incubator.apache.org/,Apache Lucene4c (Incubating),2005-02,retired
lucy,"A loose port of the Lucene search engine library, written in C and targeted at dynamic language users.",2012-02,http://lucy.incubator.apache.org/,Apache Lucy (Incubating),2010-07,graduated
madlib,Big Data Machine Learning in SQL for Data Scientists.,2017-07,http://madlib.incubator.apache.org/,Apache MADlib (Incubating),2015-09,graduated
manifoldcf,"Connectors for content repositories like Sharepoint, Documentum, etc.",2012-05,http://manifoldcf.incubator.apache.org/,Apache ManifoldCF (Incubating),2010-01,graduated
marmotta,An open implementation of a Linked Data Platform.,2013-11,http://marmotta.incubator.apache.org/,Apache Marmotta (Incubating),2012-12,graduated
marvin,"Marvin-AI is an open-source artificial intelligence (AI) platform that helps data scientists, prototype and productionalize complex solutions with a scalable, low-latency, language-agnostic, and standardized architecture while simplifies the process of exploration and modeling.",2023-03,http://marvin.incubator.apache.org/,Apache Marvin-AI (Incubating),2018-08,retired
merlin-developer,Merlin eclipse plugin merged with an existing eclipse plugin already at avalon.,2004-01,http://merlin-developer.incubator.apache.org/,Apache MerlinDeveloper (Incubating),2004-01,graduated
mesos,Mesos is a cluster manager that provides resource sharing and isolation across cluster applications.,2013-06,http://mesos.incubator.apache.org/,Apache Mesos (Incubating),2010-12,graduated
metamodel,"MetaModel is a data access framework, providing a common interface for exploration and querying of different types of datastores.",2014-11,http://metamodel.incubator.apache.org/,Apache MetaModel (Incubating),2013-06,graduated
metron,Metron is a project dedicated to providing an extensible and scalable advanced network security analytics tool. It has strong foundations in the Apache Hadoop ecosystem.,2017-04,http://metron.incubator.apache.org/,Apache Metron (Incubating),2015-12,graduated
milagro,Milagro is core security infrastructure and crypto libraries for decentralized networks and distributed systems.,2024-03,http://milagro.incubator.apache.org/,Apache Milagro (Incubating),2015-12,retired
mnemonic,Mnemonic is a Java based non-volatile memory library for in-place structured data processing and computing.,2017-11,http://mnemonic.incubator.apache.org/,Apache Mnemonic (Incubating),2016-03,graduated
mod_ftp,FTP protocol module for Apache httpd 2.x,2007-02,http://mod_ftp.incubator.apache.org/,Apache mod_ftp (Incubating),2005-08,graduated
mrql,"MRQL is a query processing and optimization system for large-scale, distributed data analysis, built on top of Apache Hadoop, Hama, Spark, and Flink.",2017-08,http://mrql.incubator.apache.org/,Apache MRQL (Incubating),2013-03,retired
mrunit,MRUnit is a library to support unit testing of Hadoop MapReduce jobs.,2012-05,http://mrunit.incubator.apache.org/,Apache MRUnit (Incubating),2011-03,graduated
muse,"A robust implementation of the OASIS WSDM, Management using Web Services (MuWS) specification",2005-06,http://muse.incubator.apache.org/,Apache Muse (Incubating),2004-11,graduated
mxnet,A Flexible and Efficient Library for Deep Learning,2022-09,http://mxnet.incubator.apache.org/,Apache MXNet (Incubating),2017-01,graduated
myfaces,MyFaces is a framework for building Java Server application GUIs based on JavaServer Faces (certified implementation of JSR-127).,2005-03,http://myfaces.incubator.apache.org/,Apache MyFaces (Incubating),2004-07,graduated
mynewt,"Mynewt is a real-time operating system for constrained embedded systems like wearables, lightbulbs, locks and doorbells. It works on a variety of 32-bit MCUs (microcontrollers), including ARM Cortex-M and MIPS architectures.",2017-06,http://mynewt.incubator.apache.org/,Apache Mynewt (Incubating),2015-10,graduated
myriad,Myriad enables co-existence of Apache Hadoop YARN and Apache Mesos together on the same cluster and allows dynamic resource allocations across both Hadoop and other applications running on the same physical data center infrastructure.,2020-01,http://myriad.incubator.apache.org/,Apache Myriad (Incubating),2015-03,retired
netbeans,"NetBeans is a development environment, tooling platform and application framework.",2019-04,http://netbeans.incubator.apache.org/,Apache NetBeans (Incubating),2016-10,graduated
nifi,NiFi is a dataflow system based on the concepts of flow-based programming.,2015-07,http://nifi.incubator.apache.org/,Apache NiFi (Incubating),2014-11,graduated
nmaven,.NET integration for Maven. Failed to build active community.,2008-11,http://nmaven.incubator.apache.org/,Apache NMaven (Incubating),2006-11,retired
npanday,NPanday allows projects using the .NET framework to be built with Apache Maven.,2015-02,http://npanday.incubator.apache.org/,Apache NPanday (Incubating),2010-08,retired
nutch,Web search software.,2005-06,http://nutch.incubator.apache.org/,Apache Nutch (Incubating),2005-01,graduated
nuttx,"NuttX is a mature, real-time embedded operating system (RTOS).",2022-11,http://nuttx.incubator.apache.org/,Apache NuttX (Incubating),2019-12,graduated
nuvem,"
            Nuvem defines an open application programming interface for common cloud application services, allowing applications to be easily ported across the most popular cloud platforms.
            The podling was voted to become part of Tuscany in Nov 2012 but (as of Aug 2014) nothing has happened. Tuscany was terminated in May 2016.
        ",2012-11,http://nuvem.incubator.apache.org/,Apache Nuvem (Incubating),2010-06,graduated
ode,Orchestration Director Engine,2007-07,http://ode.incubator.apache.org/,Apache Ode (Incubating),2006-02,graduated
odftoolkit,"Java modules that allow programmatic creation, scanning and manipulation of OpenDocument Format (ISO/IEC 26300 == ODF) documents",2018-11,http://odftoolkit.incubator.apache.org/,Apache ODF Toolkit (Incubating),2011-08,retired
ofbiz,The Open For Business Project (OFBiz) is an open source enterprise automation software project.,2006-12,http://ofbiz.incubator.apache.org/,Apache OFBiz (Incubating),2006-01,graduated
ognl,Object-Graph Notation Language implementation in Java,2011-08,http://ognl.incubator.apache.org/,Apache OGNL (Incubating),2011-04,graduated
olingo,OData implementation in Java,2014-03,http://olingo.incubator.apache.org/,Apache Olingo (Incubating),2013-07,graduated
olio,Web 2.0 evaluation kit,2011-11,http://olio.incubator.apache.org/,Apache Olio (Incubating),2008-09,retired
omid,"Omid is a flexible, reliable, high performant and scalable ACID transactional framework that allows client applications to execute transactions on top of MVCC key/value-based NoSQL datastores (currently Apache HBase) providing Snapshot Isolation guarantees on the accessed data.",2019-11,http://omid.incubator.apache.org/,Apache Omid (Incubating),2016-03,graduated
onami,"Apache Onami aims to create a community focused on the development and maintenance of a set of Google Guice extensions not provided out of the box by the library itself nor the Google developers team, such as integration with 3rd part frameworks or extra functionalities.",2013-04,http://onami.incubator.apache.org/,Apache Onami (Incubating),2012-11,graduated
oodt,"A grid middleware framework for science data processing, information integration, and retrieval.",2010-11,http://oodt.incubator.apache.org/,Apache OODT (Incubating),2010-01,graduated
oozie,Server-based workflow scheduling and coordination system to manage data processing jobs for Apache Hadoop,2012-08,http://oozie.incubator.apache.org/,Apache Oozie (Incubating),2011-07,graduated
openaz,Tools and libraries for developing Attribute-based Access Control (ABAC) Systems in a variety of languages.,2016-08,http://openaz.incubator.apache.org/,Apache OpenAz (Incubating),2015-01,retired
opendal,"Open Data Access Layer: Access data freely, painlessly, and efficiently.",2024-01,http://opendal.incubator.apache.org/,Apache OpenDAL (Incubating),2023-02,graduated
openejb,OpenEJB EJB Server and Container,2007-05,http://openejb.incubator.apache.org/,Apache OpenEJB (Incubating),2006-07,graduated
openjpa,OpenJPA is an open source implementation of the Java Persistence API,2007-05,http://openjpa.incubator.apache.org/,Apache OpenJPA (Incubating),2006-04,graduated
openmeetings,Openmeetings is a web conferencing solution.,2013-01,http://openmeetings.incubator.apache.org/,Apache Openmeetings (Incubating),2011-11,graduated
opennlp,OpenNLP is a machine learning based toolkit for the processing of natural language text.,2012-02,http://opennlp.incubator.apache.org/,Apache OpenNLP (Incubating),2010-11,graduated
openofficeorg,"OpenOffice.org is comprised of six personal productivity applications: a word processor (and its web-authoring component), spreadsheet, presentation graphics, drawing, equation editor, and database.",2012-10,http://openofficeorg.incubator.apache.org/,Apache OpenOffice.org (Incubating),2011-06,graduated
openwebbeans,JSR-299 Implementation,2009-12,http://openwebbeans.incubator.apache.org/,Apache OpenWebBeans (Incubating),2008-10,graduated
openwhisk,distributed Serverless computing platform,2019-07,http://openwhisk.incubator.apache.org/,Apache OpenWhisk (Incubating),2016-11,graduated
pagespeed,"
            PageSpeed represents a series of open source technologies to help make the
            web faster by rewriting web pages to reduce latency and bandwidth.
        ",2023-03,http://pagespeed.incubator.apache.org/,Apache PageSpeed (Incubating),2017-09,retired
paimon,"Paimon is a unified lake storage to build dynamic tables for both stream and batch processing with big data compute engines, supporting high-speed data ingestion and real-time data query.",2024-03,http://paimon.incubator.apache.org/,Apache Paimon (Incubating),2023-03,graduated
parquet,Parquet is a columnar storage format for Hadoop.,2015-04,http://parquet.incubator.apache.org/,Apache Parquet (Incubating),2014-05,graduated
pdfbox,"PDF library (reading, text extraction, manipulation, viewer)",2009-10,http://pdfbox.incubator.apache.org/,Apache PDFBox (Incubating),2008-02,graduated
pekko,"Pekko is a toolkit and an ecosystem for building highly concurrent, distributed, reactive and resilient applications for Java and Scala.",2024-03,http://pekko.incubator.apache.org/,Apache Pekko (Incubating),2022-10,graduated
phoenix,"Phoenix is an open source SQL query engine for Apache HBase, a NoSQL data store. It is accessed as a JDBC driver and enables querying and managing HBase tables using SQL.",2014-05,http://phoenix.incubator.apache.org/,Apache Phoenix (Incubating),2013-12,graduated
photark,"A Photo Gallery application, accessible via the web and written in Java",2012-12,http://photark.incubator.apache.org/,Apache PhotArk (Incubating),2008-08,retired
pig,Pig is a platform for analyzing large datasets.,2008-10,http://pig.incubator.apache.org/,Apache Pig (Incubating),2007-10,graduated
pinot,Pinot is a distributed columnar storage engine that can ingest data in real-time and serve analytical queries at low latency.,2021-07,http://pinot.incubator.apache.org/,Apache Pinot (Incubating),2018-10,graduated
pirk,Pirk is a framework for scalable Private Information Retrieval (PIR).,2017-04,http://pirk.incubator.apache.org/,Apache Pirk (Incubating),2016-06,retired
pivot,A platform for building rich internet applications in Java.,2009-12,http://pivot.incubator.apache.org/,Apache Pivot (Incubating),2009-01,graduated
plc4x,PLC4X is a set of libraries for communicating with industrial programmable logic controllers (PLCs) using a variety of protocols but with a shared API.,2019-04,http://plc4x.incubator.apache.org/,Apache PLC4X (Incubating),2017-12,graduated
pluto,JSR 168 Reference Implementation,2004-05,http://pluto.incubator.apache.org/,Apache Pluto (Incubating),2003-09,graduated
predictionio,"PredictionIO is an open source Machine Learning Server built on top of state-of-the-art open source stack, that enables developers to manage and deploy production-ready predictive services for various kinds of machine learning tasks.",2017-10,http://predictionio.incubator.apache.org/,Apache PredictionIO (Incubating),2016-05,graduated
provisionr,Provisionr provides a service to manage pools of virtual machines on multiple clouds.,2013-11,http://provisionr.incubator.apache.org/,Apache Provisionr (Incubating),2013-03,retired
pulsar,"Pulsar is a highly scalable, low latency messaging platform running on commodity hardware. It provides simple pub-sub semantics over topics, guaranteed at-least-once delivery of messages, automatic cursor management for subscribers, and cross-datacenter replication.",2018-09,http://pulsar.incubator.apache.org/,Apache Pulsar (Incubating),2017-06,graduated
qpid,Qpid provides multiple language implementations of the Advanced Messaged Queuing Protocol (AMQP),2008-12,http://qpid.incubator.apache.org/,Apache Qpid (Incubating),2006-08,graduated
quickstep,Quickstep is a high-performance database engine.,2018-12,http://quickstep.incubator.apache.org/,Apache Quickstep (Incubating),2016-03,retired
ranger,"
            The Ranger project is a framework to enable, monitor and manage comprehensive data security across the Hadoop platform.
            (The podling was originally called Argus)
        ",2017-01,http://ranger.incubator.apache.org/,Apache Ranger (Incubating),2014-07,graduated
rat,Comprehension and auditing for distributions and source code,2012-04,http://rat.incubator.apache.org/,Apache RAT (Incubating),2008-01,graduated
ratis,Ratis is a java implementation for RAFT consensus protocol,2021-02,http://ratis.incubator.apache.org/,Apache Ratis (Incubating),2017-01,graduated
rave,Rave is A WEb And SOcial Mashup Engine.,2012-03,http://rave.incubator.apache.org/,Apache Rave (Incubating),2011-03,graduated
rcf,JSF Component Library.,2009-09,http://rcf.incubator.apache.org/,Apache RCF (Incubating),2007-04,retired
reef,REEF (Retainable Evaluator Execution Framework) is a scale-out computing fabric that eases the development of Big Data applications on top of resource managers such as Apache YARN and Mesos.,2015-11,http://reef.incubator.apache.org/,Apache REEF (Incubating),2014-08,graduated
ripple,"Ripple is a browser based mobile phone emulator designed to aid in the development of HTML5 based mobile applications.  Ripple is a cross platform and cross runtime testing/debugging tool. It currently supports such runtimes as Cordova, WebWorks aand the Mobile Web.",2015-12,http://ripple.incubator.apache.org/,Apache Ripple (Incubating),2012-10,retired
river,River : Jini technology,2011-01,http://river.incubator.apache.org/,Apache River (Incubating),2006-12,graduated
rocketmq,"RocketMQ is a fast, low latency, reliable, scalable, distributed, easy to use message-oriented middleware, especially for processing large amounts of streaming data.",2017-09,http://rocketmq.incubator.apache.org/,Apache RocketMQ (Incubating),2016-11,graduated
roller,Roller blog server,2007-02,http://roller.incubator.apache.org/,Apache Roller (Incubating),2005-06,graduated
rya,"Rya (pronounced ""ree-uh"" /r/) is a cloud-based RDF triple store that supports SPARQL queries. Rya is a scalable RDF data management system built on top of Accumulo. Rya uses novel storage methods, indexing schemes, and query processing techniques that scale to billions of triples across multiple nodes. Rya provides fast and easy access to the data through SPARQL, a conventional query mechanism for RDF data.",2019-09,http://rya.incubator.apache.org/,Apache Rya (Incubating),2015-09,graduated
s2graph,S2Graph is a distributed and scalable OLTP graph database built on Apache HBase to support fast traversal of extremely large graphs.,2020-11,http://s2graph.incubator.apache.org/,Apache S2Graph (Incubating),2015-11,retired
s4,"S4 (Simple Scalable Streaming System) is a general-purpose, distributed, scalable, partially fault-tolerant, pluggable platform that allows programmers to easily develop applications for processing continuous, unbounded streams of data.",2014-06,http://s4.incubator.apache.org/,Apache S4 (Incubating),2011-09,retired
samoa,"SAMOA provides a collection of distributed streaming algorithms for the most common data mining and machine learning tasks such as classification, clustering, and regression, as well as programming abstractions to develop new algorithms that run on top of distributed stream processing engines (DSPEs). It features a pluggable architecture that allows it to run on several DSPEs such as Apache Storm, Apache S4, and Apache Samza.",2021-03,http://samoa.incubator.apache.org/,Apache SAMOA (Incubating),2014-12,retired
samza,"
            Samza is a stream processing system for running continuous computation on
            infinite streams of data.
        ",2015-01,http://samza.incubator.apache.org/,Apache Samza (Incubating),2013-07,graduated
sanselan,The Sanselan Project is a pure-java image library for reading and writing a variety of image formats.,2009-06,http://sanselan.incubator.apache.org/,Apache Sanselan (Incubating),2007-09,graduated
sdap,SDAP is an integrated data analytic center for Big Science problems.,2024-04,http://sdap.incubator.apache.org/,Apache SDAP (Incubating),2017-10,graduated
seatunnel,SeaTunnel is a very easy-to-use ultra-high-performance distributed data integration platform that supports real-time synchronization of massive data.,2023-05,http://seatunnel.incubator.apache.org/,Apache SeaTunnel (Incubating),2021-12,graduated
sedona,"Sedona is a big geospatial data processing engine. It provides an easy to use APIs for spatial data scientists to manage, wrangle, and process geospatial data.",2022-12,http://sedona.incubator.apache.org/,Apache Sedona (Incubating),2020-07,graduated
sentry,"
            Sentry is a highly modular system for providing fine grained role
            based authorization to both data and metadata stored on an Apache Hadoop cluster.
        ",2016-03,http://sentry.incubator.apache.org/,Apache Sentry (Incubating),2013-08,graduated
servicecomb,ServiceComb is a microservice framework that provides a set of tools and components to make development and deployment of cloud applications easier.,2018-10,http://servicecomb.incubator.apache.org/,Apache ServiceComb (Incubating),2017-11,graduated
servicemix,The ServiceMix project will create an ESB and component suite based on the Java Business Interface (JBI) standard - JSR 208.,2007-09,http://servicemix.incubator.apache.org/,Apache ServiceMix (Incubating),2005-12,graduated
shardingsphere,"ShardingSphere related to a database clustering system providing data sharding, distributed transactions, and distributed database management.",2020-04,http://shardingsphere.incubator.apache.org/,Apache ShardingSphere (Incubating),2018-11,graduated
shenyu,"ShenYu is a high performance Microservices API gateway in Java ecosystem, compatible with a variety of mainstream framework systems, it supports hot plugin loading.",2022-07,http://shenyu.incubator.apache.org/,Apache ShenYu (Incubating),2021-05,graduated
shindig,The Shindig Project is an OpenSocial container.,2010-01,http://shindig.incubator.apache.org/,Apache Shindig (Incubating),2007-12,graduated
shiro,"Security framework. (Initially known as JSecurity or Ki, renamed June 2009)",2010-09,http://shiro.incubator.apache.org/,Apache Shiro (Incubating),2008-05,graduated
singa,SINGA is a distributed deep learning platform.,2019-10,http://singa.incubator.apache.org/,Apache SINGA (Incubating),2015-03,graduated
sirona,Monitoring Solution.,2017-07,http://sirona.incubator.apache.org/,Apache Sirona (Incubating),2013-10,retired
sis,The Spatial Information System (SIS) Project is a toolkit that spatial information system builders or users can leverage to build applications containing location context.,2012-09,http://sis.incubator.apache.org/,Apache SIS (Incubating),2010-02,graduated
skywalking,"Skywalking is an APM (application performance monitor), especially for microservice, Cloud Native and container-based architecture systems. Also known as a distributed tracing system. It provides an automatic way to instrument applications: no need to change any of the source code of the target application; and an collector with an very high efficiency streaming module.",2019-04,http://skywalking.incubator.apache.org/,Apache SkyWalking (Incubating),2017-12,graduated
slider,"Slider is a collection of tools and technologies to package, deploy, and manage long running applications on Apache Hadoop YARN clusters.",2018-05,http://slider.incubator.apache.org/,Apache Slider (Incubating),2014-04,retired
sling,Sling is a framework to develop content centric web applications based on the idea of modularizing the rendering of HTTP resources.,2009-06,http://sling.incubator.apache.org/,Apache Sling (Incubating),2007-09,graduated
socialsite,"SocialSite is an OpenSocial-based headless social networking server and a set of OpenSocial Gadgets that make it easy to add social features to existing web sites. Server provides admin console for configuration, gadget approval and management. Gadgets can be combined to form complete UI for social networking with friending, group management and message support.",2010-10,http://socialsite.incubator.apache.org/,Apache SocialSite (Incubating),2009-05,retired
solr,Full Text Search Server,2007-01,http://solr.incubator.apache.org/,Apache Solr (Incubating),2006-01,graduated
spamassassin,Mail filter to identify spam.,2004-06,http://spamassassin.incubator.apache.org/,Apache SpamAssassin (Incubating),2003-12,graduated
spark,Spark is an open source system for fast and flexible large-scale data analysis. Spark provides a general purpose runtime that supports low-latency execution in several forms.,2014-02,http://spark.incubator.apache.org/,Apache Spark (Incubating),2013-06,graduated
spot,Apache Spot is a platform for network telemetry built on an open data model and Apache Hadoop.,2023-03,http://spot.incubator.apache.org/,Apache Spot (Incubating),2016-09,retired
sqoop,Sqoop is a tool designed for efficiently transferring bulk data between Apache Hadoop and structured datastores such as relational databases.,2012-03,http://sqoop.incubator.apache.org/,Apache Sqoop (Incubating),2011-06,graduated
stanbol,A modular software stack and reusable set of components for semantic content management,2012-09,http://stanbol.incubator.apache.org/,Apache Stanbol (Incubating),2010-11,graduated
stdcxx,The Apache C++ Standard Library project is a complete implementation of the ISO/IEC 14882 C++ Standard Library.,2007-11,http://stdcxx.incubator.apache.org/,Apache stdcxx (Incubating),2005-05,graduated
stonehenge,"Stonehenge is a set of interoperability scenarios for Service Oriented Architecture and Web Services that demonstrate interoperability between multiple systems including Apache Axis2, WSF/PHP and Microsoft WCF. The code also demonstrates good practice for standards-based interoperability.",2011-07,http://stonehenge.incubator.apache.org/,Apache Stonehenge (Incubating),2008-11,retired
storm,"Storm is a distributed, fault-tolerant, and high-performance realtime computation system that provides strong guarantees on the processing of data.",2014-09,http://storm.incubator.apache.org/,Apache Storm (Incubating),2013-09,graduated
stratos,"Stratos will be a polyglot PaaS framework, providing developers a cloud-based environment for developing, testing, and running scalable applications, and IT providers high utilization rates, automated resource management, and platform-wide insight including monitoring and billing.",2014-05,http://stratos.incubator.apache.org/,Apache Stratos (Incubating),2013-06,graduated
streampark,StreamPark is a streaming application development platform.,2025-01,http://streampark.incubator.apache.org/,Apache StreamPark (Incubating),2022-09,graduated
streampipes,"StreamPipes is a self-service (Industrial) IoT toolbox to enable non-technical users to connect, analyze and explore (Industrial) IoT data streams.",2022-11,http://streampipes.incubator.apache.org/,Apache StreamPipes (Incubating),2019-11,graduated
streams,Apache Streams is a lightweight server for ActivityStreams.,2017-07,http://streams.incubator.apache.org/,Apache Streams (Incubating),2012-11,graduated
subversion,"Subversion is an open-source version control system, with a long and detailed list of features. (See http://subversion.apache.org/features.html)",2010-02,http://subversion.incubator.apache.org/,Apache Subversion (Incubating),2009-11,graduated
superset,"Superset is an enterprise-ready web application for data exploration, data visualization and dashboarding.",2020-11,http://superset.incubator.apache.org/,Apache Superset (Incubating),2017-05,graduated
synapse,Web Services Mediation Framework,2007-01,http://synapse.incubator.apache.org/,Apache Synapse (Incubating),2005-08,graduated
syncope,"An Open Source system for managing digital identities in enterprise environments, implemented in JEE technology",2012-11,http://syncope.incubator.apache.org/,Apache Syncope (Incubating),2012-02,graduated
systemml,"SystemML provides declarative large-scale machine learning (ML) that aims at flexible specification of ML algorithms and automatic generation of hybrid runtime plans ranging from single node, in-memory computations, to distributed computations such as Apache Hadoop MapReduce and Apache Spark.",2017-05,http://systemml.incubator.apache.org/,Apache SystemML (Incubating),2015-11,graduated
tajo,Tajo is a distributed data warehouse system for Hadoop.,2014-04,http://tajo.incubator.apache.org/,Apache Tajo (Incubating),2013-03,graduated
tamaya,"Tamaya is a highly flexible configuration solution based on an modular, extensible and injectable key/value based design, which should provide a minimal but extendible modern and functional API leveraging SE, ME and EE environments.",2020-04,http://tamaya.incubator.apache.org/,Apache Tamaya (Incubating),2014-11,retired
tapestry,Alternative framework to JSP and Velocity scripting environments,2003-05,http://tapestry.incubator.apache.org/,Apache Tapestry (Incubating),2003-04,graduated
tashi,An infrastructure for cloud computing on big data.,2012-10,http://tashi.incubator.apache.org/,Apache Tashi (Incubating),2008-09,retired
taverna,Taverna is a domain-independent suite of tools used to design and execute data-driven workflows.,2020-02,http://taverna.incubator.apache.org/,Apache Taverna (Incubating),2014-10,retired
tephra,"
            Tephra is a system for providing globally consistent transactions on
            top of Apache HBase and other storage engines.
        ",2019-11,http://tephra.incubator.apache.org/,Apache Tephra (Incubating),2016-03,graduated
tez,Tez is an effort to develop a generic application framework which can be used to process arbitrarily complex data-processing tasks and also a re-usable set of data-processing primitives which can be used by other projects.,2014-07,http://tez.incubator.apache.org/,Apache Tez (Incubating),2013-02,graduated
thrift,Cross-language serialization and RPC framework.,2010-10,http://thrift.incubator.apache.org/,Apache Thrift (Incubating),2008-04,graduated
tika,Content analysis toolkit,2008-10,http://tika.incubator.apache.org/,Apache Tika (Incubating),2007-03,graduated
tinkerpop,TinkerPop is a graph computing framework written in Java,2016-05,http://tinkerpop.incubator.apache.org/,Apache TinkerPop (Incubating),2015-01,graduated
tobago,A JSF based framework for web-applications.,2006-03,http://tobago.incubator.apache.org/,Apache Tobago (Incubating),2005-10,graduated
trafficcontrol,"Apache Traffic Control can be used to build, monitor, configure, and provision a large-scale content delivery network (CDN).",2018-05,http://trafficcontrol.incubator.apache.org/,Apache Traffic Control (Incubating),2016-07,graduated
trafficserver,A scalable and extensible HTTP proxy server and cache.,2010-04,http://trafficserver.incubator.apache.org/,Apache Traffic Server (Incubating),2009-07,graduated
trafodion,Trafodion is a webscale SQL-on-Hadoop solution enabling transactional or operational workloads on Hadoop.,2017-12,http://trafodion.incubator.apache.org/,Apache Trafodion (Incubating),2015-05,graduated
trinidad,JSF Component Library. Known as ADF Faces during initial incubation,2007-04,http://trinidad.incubator.apache.org/,Apache Trinidad (Incubating),2006-03,graduated
triplesoup,SPARQL endpoint for your webserver. Project entering retired status after failing to get traction.,2007-10,http://triplesoup.incubator.apache.org/,Apache TripleSoup (Incubating),2007-02,retired
tsik,implementations of various W3C and OASIS specifications related to XML and Web services security,2006-03,http://tsik.incubator.apache.org/,Apache TSIK (Incubating),2005-05,retired
tuscany,Service Component Architecture implementation,2008-05,http://tuscany.incubator.apache.org/,Apache Tuscany (Incubating),2005-12,graduated
tuweni,Tuweni is a set of libraries and other tools to aid development of blockchain and other decentralized software in Java and other JVM languages.,2023-07,http://tuweni.incubator.apache.org/,Apache Tuweni (Incubating),2019-03,retired
tvm,"TVM is a full stack open deep learning compiler stack for CPUs, GPUs, and specialized accelerators. It aims to close the gap between the productivity-focused deep learning frameworks, and the performance- or efficiency-oriented hardware backends. ",2020-11,http://tvm.incubator.apache.org/,Apache TVM (Incubating),2019-03,graduated
twill,"Twill is an abstraction over Apache Hadoop YARN that reduces the complexity of developing distributed applications, allowing developers to focus more on their business logic",2016-06,http://twill.incubator.apache.org/,Apache Twill (Incubating),2013-11,graduated
uima,Framework for analysing unstructured data.,2010-03,http://uima.incubator.apache.org/,Apache UIMA (Incubating),2006-10,graduated
uniffle,Uniffle is an unified Remote Shuffle Service,2025-02,http://uniffle.incubator.apache.org/,Apache Uniffle (Incubating),2022-06,graduated
unomi,Unomi is a reference implementation of the OASIS Context Server specification currently being worked on by the OASIS Context Server Technical Committee. It provides a high-performance user profile and event tracking server.,2019-02,http://unomi.incubator.apache.org/,Apache Unomi (Incubating),2015-10,graduated
usergrid,"Usergrid is Backend-as-a-Service (BaaS) composed of an integrated database (Cassandra), application layer and client tier with SDKs for developers.",2015-08,http://usergrid.incubator.apache.org/,Apache Usergrid (Incubating),2013-10,graduated
vcl,"Virtual Computing Lab. Framework for creating, dispensing and running virtual images.",2012-06,http://vcl.incubator.apache.org/,Apache VCL (Incubating),2008-10,graduated
vxquery,A standards compliant XML Query processor.,2014-07,http://vxquery.incubator.apache.org/,Apache VXQuery (Incubating),2009-07,graduated
wadi,"a robust hetorgeneous clustering engine used to cluster geronimo, tomcat, jetty and other containers eventually.",2005-12,http://wadi.incubator.apache.org/,Apache WADI (Incubating),2005-12,retired
warble,a distributed endpoint monitoring solution where the agent is hosted on your own hardware.,2020-11,http://warble.incubator.apache.org/,Apache Warble (Incubating),2018-06,retired
wave,"A wave is a hosted, live, concurrent data structure for rich communication. It can be used like email, chat, or a document.",2018-01,http://wave.incubator.apache.org/,Apache Wave (Incubating),2010-12,retired
webwork2,A Java web-application development framework,2006-05,http://webwork2.incubator.apache.org/,Apache WebWork 2 (Incubating),2006-01,graduated
weex,Weex is a framework for building Mobile cross-platform high performance UI.,2021-05,http://weex.incubator.apache.org/,Apache Weex (Incubating),2016-11,retired
whirr,Whirr provides code for running a variety of software services on cloud infrastructure.,2011-08,http://whirr.incubator.apache.org/,Apache Whirr (Incubating),2010-05,graduated
wicket,A web application framework that focusses on bringing plain object oriented Java programming to the web tier,2007-06,http://wicket.incubator.apache.org/,Apache Wicket (Incubating),2006-08,graduated
wink,Apache Wink is a project that enables development and consumption of REST style web services. The core server runtime is based on the JAX-RS (JSR 311) standard. The project also introduces a client runtime which can leverage certain components of the server-side runtime. Apache Wink will deliver component technology that can be easily integrated into a variety of environments.,2012-12,http://wink.incubator.apache.org/,Apache Wink (Incubating),2009-05,graduated
woden,Implementation of WSDL 2.0,2007-12,http://woden.incubator.apache.org/,Apache Woden (Incubating),2005-03,graduated
wookie,a W3C widget engine with Google Wave and Open Social Extensions.,2012-11,http://wookie.incubator.apache.org/,Apache Wookie (Incubating),2009-07,graduated
wsrp4j,Implementation of OASIS Web Services for Remote Portlets (WSRP),2010-04,http://wsrp4j.incubator.apache.org/,Apache WSRP4J (Incubating),2003-09,retired
xap,Declarative framework for building Ajax-powered web apps,2009-06,http://xap.incubator.apache.org/,Apache XAP (Incubating),2006-05,retired
xmlbeans,XML-Java binding tool with 100% support for XML Schema and full Infoset fidelity,2004-06,http://xmlbeans.incubator.apache.org/,Apache XMLBeans (Incubating),2003-07,graduated
xmlbeanscxx,C++ equivalent of Apache XMLBeans.,2007-05,http://xmlbeanscxx.incubator.apache.org/,Apache XMLBeans/C++ (Incubating),2005-06,retired
yoko,A CORBA Server.,2007-12,http://yoko.incubator.apache.org/,Apache Yoko (Incubating),2006-01,retired
yunikorn,YuniKorn is a standalone resource scheduler responsible for scheduling batch jobs and long-running services on large scale distributed systems running in on-premises environments as well as different public clouds.,2022-03,http://yunikorn.incubator.apache.org/,Apache YuniKorn (Incubating),2020-01,graduated
zeppelin,"A collaborative data analytics and visualization tool for distributed, general-purpose data processing systems such as Apache Spark, Apache Flink, etc.",2016-05,http://zeppelin.incubator.apache.org/,Apache Zeppelin (Incubating),2014-12,graduated
zetacomponents,Zeta Components is a high-quality library of loosely-coupled PHP components.,2012-04,http://zetacomponents.incubator.apache.org/,Apache Zeta Components (Incubating),2010-05,retired
zipkin,Zipkin is a distributed tracing system. It helps gather timing data needed to troubleshoot latency problems in microservice architectures.,2019-06,http://zipkin.incubator.apache.org/,Apache Zipkin (Incubating),2018-08,retired
